Jurisdiction,1998,1999,2000,2001,2002,2003,2004,2005,2006,2007,2008,2009,2010,2011,2012,2013,2014,2015
afg,Afghanistan,-,-,-,-,-,-,-,2.5,-,1.8,1.5,1.3,1.4,1.52,8,8,12,11
alb,Albania,-,2.3,-,-,2.5,2.5,2.5,2.4,2.6,2.9,3.4,3.2,3.3,3.05,33,31,33,36
dza,Algeria,-,-,-,-,-,2.6,2.7,2.8,3.1,3,3.2,2.8,2.9,2.9,34,36,36,36
ago,Angola,-,-,1.7,-,1.7,1.8,2,2,2.2,2.2,1.9,1.9,1.9,2.01,22,23,19,15
arg,Argentina,3,3,3.5,3.5,2.8,2.5,2.5,2.8,2.9,2.9,2.9,2.9,2.9,3,35,34,34,32
arm,Armenia,-,2.5,2.5,-,-,3,3.1,2.9,2.9,3,2.9,2.7,2.6,2.63,34,36,37,35
aus,Australia,8.7,8.7,8.3,8.5,8.6,8.8,8.8,8.8,8.7,8.6,8.7,8.7,8.7,8.84,85,81,80,79
aut,Austria,7.5,7.6,7.7,7.8,7.8,8,8.4,8.7,8.6,8.1,8.1,7.9,7.9,7.79,69,69,72,76
aze,Azerbaijan,-,1.7,1.5,2,2,1.8,1.9,2.2,2.4,2.1,1.9,2.3,2.4,2.38,27,28,29,29
bhs,Bahamas,-,-,-,-,-,-,-,-,-,-,-,-,-,7.29,71,71,71,-
bhr,Bahrain,-,-,-,-,-,6.1,5.8,5.8,5.7,5,5.4,5.1,4.9,5.11,51,48,49,51
bgd,Bangladesh,-,-,-,0.4,1.2,1.3,1.5,1.7,2,2,2.1,2.4,2.4,2.66,26,27,25,25
brb,Barbados,-,-,-,-,-,-,7.3,6.9,6.7,6.9,7,7.4,7.8,7.77,76,75,74,-
blr,Belarus,3.9,3.4,4.1,-,4.8,4.2,3.3,2.6,2.1,2.1,2,2.4,2.5,2.42,31,29,31,32
bel,Belgium,5.4,5.3,6.1,6.6,7.1,7.6,7.5,7.4,7.3,7.1,7.3,7.1,7.1,7.49,75,75,76,77
blz,Belize,-,-,-,-,-,4.5,3.8,3.7,3.5,3,2.9,-,-,-,-,-,-,-
ben,Benin,-,-,-,-,-,-,3.2,2.9,2.5,2.7,3.1,2.9,2.8,2.97,36,36,39,37
btn,Bhutan,-,-,-,-,-,-,-,-,6,5,5.2,5,5.7,5.74,63,63,65,65
bol,Bolivia,2.8,2.5,2.7,2,2.2,2.3,2.2,2.5,2.7,2.9,3,2.7,2.8,2.76,34,34,35,34
bih,Bosnia and Herzegovina,-,-,-,-,-,-,3.1,2.9,-,3.3,3.2,3,3.2,3.21,42,42,39,38
bih,Bosnia and Herzgegovina,-,-,-,-,-,-,-,-,2.9,-,-,-,-,-,-,-,-,-
bih,Bosnia & Herzegovina,-,-,-,-,-,3.3,-,-,-,-,-,-,-,-,-,-,-,-
bwa,Botswana,6.1,6.1,6,6,6.4,5.7,6,5.9,5.6,5.4,5.8,5.6,5.8,6.08,65,64,63,63
bra,Brazil,4,4.1,3.9,4,4,3.9,3.9,3.7,3.3,3.5,3.5,3.7,3.7,3.77,43,42,43,38
brn,Brunei,-,-,-,-,-,-,-,-,-,-,-,-,5.5,5.21,55,60,-,-
brn,Brunei Darussalam,-,-,-,-,-,-,-,-,-,-,-,5.5,-,-,-,-,-,-
bgr,Bulgaria,2.9,3.3,3.5,3.9,4,3.9,4.1,4,4,4.1,3.6,3.8,3.6,3.33,41,41,43,41
bfa,Burkina Faso,-,-,3,-,-,-,-,3.4,3.2,2.9,3.5,3.6,3.1,3.05,38,38,38,38
bdi,Burundi,-,-,-,-,-,-,-,2.3,2.4,2.5,1.9,1.8,1.8,1.94,19,21,20,21
khm,Cambodia,-,-,-,-,-,-,-,2.3,2.1,2,1.8,2,2.1,2.11,22,20,21,21
cmr,Cameroon,1.4,1.5,2,2,2.2,1.8,2.1,2.2,2.3,2.4,2.3,2.2,2.2,2.45,26,25,27,27
can,Canada,9.2,9.2,9.2,8.9,9,8.7,8.5,8.4,8.5,8.7,8.7,8.7,8.9,8.67,84,81,81,83
cpv,Cape Verde,-,-,-,-,-,-,-,-,-,4.9,5.1,5.1,5.1,5.52,60,58,57,55
caf,Central African Republic,-,-,-,-,-,-,-,-,2.4,2,2,2,2.1,2.21,26,25,24,24
tcd,Chad,-,-,-,-,-,-,1.7,1.7,2,1.8,1.6,1.6,1.7,2.04,19,19,22,22
chl,Chile,6.8,6.9,7.4,7.5,7.5,7.4,7.4,7.3,7.3,7,6.9,6.7,7.2,7.21,72,71,73,70
chn,China,3.5,3.4,3.1,3.5,3.5,3.4,3.4,3.2,3.3,3.5,3.6,3.6,3.5,3.64,39,40,36,37
col,Colombia,2.2,2.9,3.2,3.8,3.6,3.7,3.8,4,3.9,3.8,3.8,3.7,3.5,3.45,36,36,37,37
com,Comoros,-,-,-,-,-,-,-,-,-,2.6,2.5,2.3,2.1,2.41,28,28,26,26
cog,Congo Brazzaville,-,-,-,-,-,-,-,-,-,-,-,1.9,-,-,-,-,-,-
cog,Congo-Brazzaville,-,-,-,-,-,-,-,-,-,-,-,-,2.1,-,-,-,-,-
cod,Congo Democratic Republic,-,-,-,-,-,-,-,2.1,2,1.9,-,-,-,-,-,-,-,-
cod,Congo. Democratic Republic,-,-,-,-,-,-,2,-,-,-,1.7,-,-,-,-,-,-,-
cog,Congo Republic,-,-,-,-,-,-,-,-,2.2,2.1,-,-,-,-,26,22,23,23
cog,Congo  Republic,-,-,-,-,-,-,-,-,-,-,-,-,-,2.15,-,-,-,-
cog,Congo. Republic,-,-,-,-,-,-,-,-,-,-,1.9,-,-,-,-,-,-,-
cog,Congo Republic of,-,-,-,-,-,-,-,2.3,-,-,-,-,-,-,-,-,-,-
cog,Congo. Republic of,-,-,-,-,-,-,2.3,-,-,-,-,-,-,-,-,-,-,-
cog,Congo Republic of the,-,-,-,-,-,2.2,-,-,-,-,-,-,-,-,-,-,-,-
cri,Costa Rica,5.6,5.1,5.4,4.5,4.5,4.3,4.9,4.2,4.1,5,5.1,5.3,5.3,4.8,54,53,54,55
civ,Cote d´Ivoire,-,-,-,2.4,-,-,2,-,-,-,-,-,-,-,-,-,-,-
civ,Cote d'Ivoire,-,-,-,-,2.7,2.1,-,1.9,-,2.1,-,-,-,-,-,-,-,-
civ,Côte d´Ivoire,-,-,-,-,-,-,-,-,2.1,-,2,2.1,2.2,2.23,29,27,32,32
civ,Côte-d'Ivoire,-,-,2.7,-,-,-,-,-,-,-,-,-,-,-,-,-,-,-
hrv,Croatia,-,2.7,3.7,3.9,3.8,3.7,3.5,3.4,3.4,4.1,4.4,4.1,4.1,4.03,46,48,48,51
cub,Cuba,-,-,-,-,-,4.6,3.7,3.8,3.5,4.2,4.3,4.4,3.7,4.16,48,46,46,47
cyp,Cyprus,-,-,-,-,-,6.1,5.4,5.7,5.6,5.3,6.4,6.6,6.3,6.27,66,63,63,61
cze,Czech Republic,4.8,4.6,4.3,3.9,3.7,3.9,4.2,4.3,4.8,-,5.2,4.9,4.6,4.37,49,48,51,56
cze,Czech Republik,-,-,-,-,-,-,-,-,-,5.2,-,-,-,-,-,-,-,-
cod,Democratic Republic of Congo,-,-,-,-,-,-,-,-,-,-,-,1.9,2,-,-,-,-,-
cod,Democratic Republic of the Congo,-,-,-,-,-,-,-,-,-,-,-,-,-,-,21,22,22,22
cod,Democratic Republic of the Congo,-,-,-,-,-,-,-,-,-,-,-,-,-,2.02,-,-,-,-
dnk,Denmark,10,10,9.8,9.5,9.5,9.5,9.5,9.5,9.5,9.4,9.3,9.3,9.3,9.39,90,91,92,91
dji,Djibouti,-,-,-,-,-,-,-,-,-,2.9,3,2.8,3.2,2.98,36,36,34,34
dom,Dominica,-,-,-,-,-,-,-,-,4.5,5.6,6,5.9,5.2,5.17,58,58,58,-
dom,Dominican Rep,-,-,-,3.1,-,-,-,-,-,-,-,-,-,-,-,-,-,-
dom,Dominican Rep.,-,-,-,-,3.5,-,-,-,-,-,-,-,-,-,-,-,-,-
dom,Dominican Republic,-,-,-,-,-,3.3,2.9,3,2.8,3,3,3,3,2.59,32,29,32,33
ecu,Ecuador,2.3,2.4,2.6,2.3,2.2,2.2,2.4,2.5,2.3,2.1,2,2.2,2.5,2.65,32,35,33,32
egy,Egypt,2.9,3.3,3.1,3.6,3.4,3.3,3.2,3.4,3.3,2.9,2.8,2.8,3.1,2.86,32,32,37,36
slv,El Salvador,3.6,3.9,4.1,3.6,3.4,3.7,4.2,4.2,4,4,3.9,3.4,3.6,3.42,38,38,39,39
gnq,Equatorial Guinea,-,-,-,-,-,-,-,1.9,2.1,1.9,1.7,1.8,1.9,1.91,20,19,-,-
eri,Eritrea,-,-,-,-,-,-,2.6,2.6,2.9,2.8,2.6,2.6,2.6,2.48,25,20,18,18
est,Estonia,5.7,5.7,5.7,5.6,5.6,5.5,6,6.4,6.7,6.5,6.6,6.6,6.5,6.35,64,68,69,70
eth,Ethiopia,-,-,3.2,-,3.5,2.5,2.3,2.2,2.4,2.4,2.6,2.7,2.7,2.69,33,33,33,33
fji,Fiji,-,-,-,-,-,-,-,4,-,-,-,-,-,-,-,-,-,-
fin,Finland,9.6,9.8,10,9.9,9.7,9.7,9.7,9.6,9.6,9.4,9,8.9,9.2,9.4,90,89,89,90
fra,France,6.7,6.6,6.7,6.7,6.3,6.9,7.1,7.5,7.4,7.3,6.9,6.9,6.8,7.01,71,71,69,70
mkd,FYR Macedonia,-,-,-,-,-,-,-,-,-,3.3,-,3.8,4.1,3.94,-,-,-,-
gab,Gabon,-,-,-,-,-,-,3.3,2.9,3,3.3,3.1,2.9,2.8,2.98,35,34,37,34
gmb,Gambia,-,-,-,-,-,2.5,2.8,2.7,2.5,2.3,1.9,2.9,3.2,3.51,34,28,29,28
geo,Georgia,-,2.3,-,-,2.4,1.8,2,2.3,2.8,3.4,3.9,4.1,3.8,4.13,52,49,52,52
deu,Germany,7.9,8,7.6,7.4,7.3,7.7,8.2,8.2,8,7.8,7.9,8,7.9,8.05,79,78,79,81
gha,Ghana,3.3,3.3,3.5,3.4,3.9,3.3,3.6,3.5,3.3,3.7,3.9,3.9,4.1,3.85,45,46,48,47
grc,Greece,4.9,4.9,4.9,4.2,4.2,4.3,4.3,4.3,4.4,4.6,4.7,3.8,3.5,3.39,36,40,43,46
grd,Grenada,-,-,-,-,-,-,-,-,3.5,3.4,-,-,-,-,-,-,-,-
gtm,Guatemala,3.1,3.2,-,2.9,2.5,2.4,2.2,2.5,2.6,2.8,3.1,3.4,3.2,2.73,33,29,32,28
gin,Guinea,-,-,-,-,-,-,-,-,1.9,1.9,1.6,1.8,2,2.11,24,24,25,25
gnb,Guinea-Bissau,-,-,-,-,-,-,-,-,-,2.2,1.9,1.9,2.1,2.2,25,19,19,17
guy,Guyana,-,-,-,-,-,-,-,2.5,2.5,2.6,2.6,2.6,2.7,2.49,28,27,30,29
hti,Haiti,-,-,-,-,2.2,1.5,1.5,1.8,1.8,1.6,1.4,1.8,2.2,1.8,19,19,19,17
hnd,Honduras,1.7,1.8,-,2.7,2.7,2.3,2.3,2.6,2.5,2.5,2.6,2.5,2.4,2.59,28,26,29,31
hkg,Hong Kong,7.8,7.7,7.7,7.9,8.2,8,8,8.3,8.3,8.3,8.1,8.2,8.4,8.39,77,75,74,75
hun,Hungary,5,5.2,5.2,5.3,4.9,4.8,4.8,5,5.2,5.3,5.1,5.1,4.7,4.56,55,54,54,51
isl,Iceland,9.3,9.2,9.1,9.2,9.4,9.6,9.5,9.7,9.6,9.2,8.9,8.7,8.5,8.27,82,78,79,79
ind,India,2.9,2.9,2.8,2.7,2.7,2.8,2.8,2.9,3.3,3.5,3.4,3.4,3.3,3.1,36,36,38,38
idn,Indonesia,2,1.7,1.7,1.9,1.9,1.9,2,2.2,2.4,2.3,2.6,2.8,2.8,3.03,32,32,34,36
irn,Iran,-,-,-,-,-,3,2.9,2.9,2.7,2.5,2.3,1.8,2.2,2.72,28,25,27,27
irq,Iraq,-,-,-,-,-,2.2,2.1,2.2,1.9,1.5,1.3,1.5,1.5,1.8,18,16,16,16
irl,Ireland,8.2,7.7,7.2,7.5,6.9,7.5,7.5,7.4,7.4,7.5,7.7,8,8,7.54,69,72,74,75
isr,Israel,7.1,6.8,6.6,7.6,7.3,7,6.4,6.3,5.9,6.1,6,6.1,6.1,5.81,60,61,60,61
ita,Italy,4.6,4.7,4.6,5.5,5.2,5.3,4.8,5,4.9,5.2,4.8,4.3,3.9,3.91,42,43,43,44
civ,Ivory Coast,3.1,2.6,-,-,-,-,-,-,-,-,-,-,-,-,-,-,-,-
jam,Jamaica,3.8,3.8,-,-,4,3.8,3.3,3.6,3.7,3.3,3.1,3,3.3,3.34,38,38,38,41
jpn,Japan,5.8,6,6.4,7.1,7.1,7,6.9,7.3,7.6,7.5,7.3,7.7,7.8,8.04,74,74,76,75
jor,Jordan,4.7,4.4,4.6,4.9,4.5,4.6,5.3,5.7,5.3,4.7,5.1,5,4.7,4.49,48,45,49,53
kaz,Kazakhstan,-,2.3,3,2.7,2.3,2.4,2.2,2.6,2.6,2.1,2.2,2.7,2.9,2.69,28,26,29,28
ken,Kenya,2.5,2,2.1,2,1.9,1.9,2.1,2.1,2.2,2.1,2.1,2.2,2.1,2.24,27,27,25,25
kir,Kiribati,-,-,-,-,-,-,-,-,-,3.3,3.1,2.8,3.2,3.08,-,-,-,-
prk,Korea (North),-,-,-,-,-,-,-,-,-,-,-,-,-,1.01,8,8,8,8
kor,Korea (South),-,-,-,-,-,-,-,-,-,-,-,5.5,5.4,5.36,56,55,55,56
xks,Kosovo,-,-,-,-,-,-,-,-,-,-,-,-,2.8,2.85,34,33,33,33
kwt,Kuwait,-,-,-,-,-,5.3,4.6,4.7,4.8,-,4.3,4.1,4.5,4.62,44,43,44,49
kwt,Kuweit,-,-,-,-,-,-,-,-,-,4.3,-,-,-,-,-,-,-,-
kgz,Kyrgyz Republic,-,2.2,-,-,-,-,-,-,-,-,-,-,-,-,-,-,-,-
kgz,Kyrgyzstan,-,-,-,-,-,2.1,2.2,2.3,2.2,2.1,1.8,1.9,2,2.12,24,24,27,28
lao,Laos,-,-,-,-,-,-,-,3.3,2.6,1.9,2,2,2.1,2.21,21,26,25,25
lva,Latvia,2.7,3.4,3.4,3.4,3.7,3.8,4,4.2,4.7,4.8,5,4.5,4.3,4.19,49,53,55,55
lbn,Lebanon,-,-,-,-,-,3,2.7,3.1,3.6,3,3,2.5,2.5,2.49,30,28,27,28
lso,Lesotho,-,-,-,-,-,-,-,3.4,3.2,3.3,3.2,3.3,3.5,3.52,45,49,49,44
lbr,Liberia,-,-,-,-,-,-,-,2.2,-,2.1,2.4,3.1,3.3,3.19,41,38,37,37
lby,Libya,-,-,-,-,-,2.1,2.5,2.5,2.7,2.5,2.6,2.5,2.2,2.01,21,15,18,16
ltu,Lithuania,-,3.8,4.1,4.8,4.8,4.7,4.6,4.8,4.8,4.8,4.6,4.9,5,4.75,54,57,58,61
lux,Luxembourg,8.7,8.8,8.6,8.7,9,8.7,8.4,8.5,8.6,8.4,8.3,8.2,8.5,8.51,80,80,82,81
mac,Macau,-,-,-,-,-,-,-,-,6.6,5.7,5.4,5.3,5,5.11,-,-,-,-
mkd,Macedonia,-,3.3,-,-,-,2.3,2.7,2.7,2.7,-,-,-,-,-,43,44,-,-
mkd,Macedonia (Former Yugoslav Republic of),-,-,-,-,-,-,-,-,-,-,3.6,-,-,-,-,-,-,-
mdg,Madagascar,-,-,-,-,1.7,2.6,3.1,2.8,3.1,3.2,3.4,3,2.6,3.04,32,28,28,28
mwi,Malawi,4.1,4.1,4.1,3.2,2.9,2.8,2.8,2.8,2.7,2.7,2.8,3.3,3.4,3,37,37,33,31
mys,Malaysia,5.3,5.1,4.8,5,4.9,5.2,5,5.1,5,5.1,5.1,4.5,4.4,4.31,49,50,52,50
mdv,Maldives,-,-,-,-,-,-,-,-,-,3.3,2.8,2.5,2.3,2.47,-,-,-,-
mli,Mali,-,-,-,-,-,3,3.2,2.9,2.8,2.7,3.1,2.8,2.7,2.76,34,28,32,35
mlt,Malta,-,-,-,-,-,-,6.8,6.6,6.4,5.8,5.8,5.2,5.6,5.59,57,56,55,56
mrt,Mauritania,-,-,-,-,-,-,-,-,3.1,2.6,2.8,2.5,2.3,2.43,31,30,30,31
mus,Mauritius,5,4.9,4.7,4.5,4.5,4.4,4.1,4.2,5.1,4.7,5.5,5.4,5.4,5.07,57,52,54,53
mex,Mexico,3.3,3.4,3.3,3.7,3.6,3.6,3.6,3.5,3.3,3.5,3.6,3.3,3.1,2.97,34,34,35,35
mda,Moldova,-,2.6,2.6,3.1,2.1,2.4,2.3,2.9,3.2,-,2.9,3.3,2.9,2.88,36,35,35,33
mda,Moldovaa,-,-,-,-,-,-,-,-,-,2.8,-,-,-,-,-,-,-,-
mng,Mongolia,-,4.3,-,-,-,-,3,3,2.8,3,3,2.7,2.7,2.68,36,38,39,39
mne,Montenegro,-,-,-,-,-,-,-,-,-,3.3,3.4,3.9,3.7,3.97,41,44,42,44
mar,Morocco,3.7,4.1,4.7,-,3.7,3.3,3.2,3.2,3.2,3.5,3.5,3.3,3.4,3.44,37,37,39,36
moz,Mozambique,-,3.5,2.2,-,-,2.7,2.8,2.8,2.8,2.8,2.6,2.5,2.7,2.69,31,30,31,31
mmr,Myanmar,-,-,-,-,-,1.6,1.7,1.8,1.9,1.4,1.3,1.4,1.4,1.49,15,21,21,22
nam,Namibia,5.3,5.3,5.4,5.4,5.7,4.7,4.1,4.3,4.1,4.5,4.5,4.5,4.4,4.43,48,48,49,53
npl,Nepal,-,-,-,-,-,-,2.8,2.5,2.5,2.5,2.7,2.3,2.2,2.21,27,31,29,27
nld,Netherlands,9,9,8.9,8.8,9,8.9,8.7,8.6,8.7,9,8.9,8.9,8.8,8.89,84,83,83,87
nzl,New Zealand,9.4,9.4,9.4,9.4,9.5,9.5,9.6,9.6,9.6,9.4,9.3,9.4,9.3,9.46,90,91,91,88
nic,Nicaragua,3,3.1,-,2.4,2.5,2.6,2.7,2.6,2.6,2.6,2.5,2.5,2.5,2.53,29,28,28,27
ner,Niger,-,-,-,-,-,-,2.2,2.4,2.3,2.6,2.8,2.9,2.6,2.54,33,34,35,34
nga,Nigeria,1.9,1.6,1.2,1,1.6,1.4,1.6,1.9,2.2,2.2,2.7,2.5,2.4,2.45,27,25,27,26
nor,Norway,9,8.9,9.1,8.6,8.5,8.8,8.9,8.9,8.8,8.7,7.9,8.6,8.6,8.99,85,86,86,87
omn,Oman,-,-,-,-,-,6.3,6.1,6.3,5.4,4.7,5.5,5.5,5.3,4.83,47,47,45,45
pak,Pakistan,2.7,2.2,-,2.3,2.6,2.5,2.1,2.1,2.2,2.4,2.5,2.4,2.3,2.47,27,28,29,30
pse,Palestine,-,-,-,-,-,3,-,2.6,-,-,-,-,-,-,-,-,-,-
pse,Palestinian Authority,-,-,-,-,-,-,2.5,-,-,-,-,-,-,-,-,-,-,-
pan,Panama,-,-,-,3.7,3,3.4,3.7,3.5,3.1,3.2,3.4,3.4,3.6,3.27,38,35,37,39
png,Papua New Guinea,-,-,-,-,-,2.1,2.6,2.3,2.4,2,2,2.1,2.1,2.17,25,25,25,25
pry,Paraguay,1.5,2,-,-,1.7,1.6,1.9,2.1,2.6,2.4,2.4,2.1,2.2,2.22,25,24,24,27
per,Peru,4.5,4.5,4.4,4.1,4,3.7,3.5,3.5,3.3,3.5,3.6,3.7,3.5,3.39,38,38,38,36
phl,Philippines,3.3,3.6,2.8,2.9,2.6,2.5,2.6,2.5,2.5,2.5,2.3,2.4,2.4,2.64,34,36,38,35
pol,Poland,4.6,4.2,4.1,4.1,4,3.6,3.5,3.4,3.7,4.2,4.6,5,5.3,5.48,58,60,61,62
prt,Portugal,6.5,6.7,6.4,6.3,6.3,6.6,6.3,6.5,6.6,6.5,6.1,5.8,6,6.1,63,62,63,63
pri,Puerto Rico,-,-,-,-,-,-,-,-,-,-,5.8,5.8,5.8,5.59,63,62,63,-
qat,Qatar,-,-,-,-,-,5.6,5.2,5.9,6,6,6.5,7,7.7,7.16,68,68,69,71
rou,Romania,3,3.3,2.9,2.8,2.6,2.8,2.9,3,3.1,3.7,3.8,3.8,3.7,3.61,44,43,43,46
rus,Russia,2.4,2.4,2.1,2.3,2.7,2.7,2.8,2.4,2.5,2.3,2.1,2.2,2.1,2.45,28,28,27,29
rwa,Rwanda,-,-,-,-,-,-,-,3.1,2.5,2.8,3,3.3,4,4.98,53,53,49,54
lca,Saint Lucia,-,-,-,-,-,-,-,-,-,6.8,7.1,7,-,7.02,71,71,-,-
vct,Saint Vincent and the Grenadines,-,-,-,-,-,-,-,-,-,6.1,6.5,6.4,-,5.76,62,62,67,-
wsm,Samoa,-,-,-,-,-,-,-,-,-,4.5,4.4,4.5,4.1,3.88,-,-,52,-
stp,Sao Tome and Principe,-,-,-,-,-,-,-,-,-,2.7,2.7,2.8,3,-,42,42,42,42
stp,Sao Tome & Principe,-,-,-,-,-,-,-,-,-,-,-,-,-,2.99,-,-,-,-
sau,Saudi Arabia,-,-,-,-,-,4.5,3.4,3.4,3.3,3.4,3.5,4.3,4.7,4.39,44,46,49,52
sen,Senegal,3.3,3.4,3.5,2.9,3.1,3.2,3,3.2,3.3,3.6,3.4,3,2.9,2.87,36,41,43,44
srb,Serbia,-,-,-,-,-,-,-,-,3,3.4,3.4,3.5,3.5,3.31,39,42,41,40
srb,Serbia and Montenegro,-,-,-,-,-,-,2.7,2.8,-,-,-,-,-,-,-,-,-,-
srb,Serbia & Montenegro,-,-,-,-,-,2.3,-,-,-,-,-,-,-,-,-,-,-,-
syc,Seychelles,-,-,-,-,-,-,4.4,4,3.6,4.5,4.8,4.8,4.8,4.82,52,54,55,55
sle,Sierra Leone,-,-,-,-,-,2.2,2.3,2.4,2.2,2.1,1.9,2.2,2.4,2.46,31,30,31,29
sgp,Singapore,9.1,9.1,9.1,9.2,9.3,9.4,9.3,9.4,9.4,9.3,9.2,9.2,9.3,9.17,87,86,84,85
svk,Slovakia,-,-,-,-,-,3.7,4,4.3,4.7,4.9,5,4.5,4.3,3.97,46,47,50,51
svk,Slovak Republic,3.9,3.7,3.5,3.7,3.7,-,-,-,-,-,-,-,-,-,-,-,-,-
svn,Slovenia,-,6,5.5,5.2,6,5.9,6,6.1,6.4,6.6,6.7,6.6,6.4,5.87,61,57,58,60
slb,Solomon Islands,-,-,-,-,-,-,-,-,-,2.8,2.9,2.8,2.8,2.71,-,-,-,-
som,Somalia,-,-,-,-,-,-,-,2.1,-,1.4,1,1.1,1.1,0.98,8,8,8,8
zaf,South Africa,5.2,5,5,4.8,4.8,4.4,4.6,4.5,4.6,5.1,4.9,4.7,4.5,4.08,43,42,44,44
kor,South Korea,4.2,3.8,4,4.2,4.5,4.3,4.5,5,5.1,5.1,5.6,-,-,-,-,-,-,-
ssd,South Sudan,-,-,-,-,-,-,-,-,-,-,-,-,-,-,-,14,15,15
esp,Spain,6.1,6.6,7,7,7.1,6.9,7.1,7,6.8,6.7,6.5,6.1,6.1,6.23,65,59,60,58
lka,Sri Lanka,-,-,-,-,3.7,3.4,3.5,3.2,3.1,3.2,3.2,3.1,3.2,3.3,40,37,38,37
sdn,Sudan,-,-,-,-,-,2.3,2.2,2.1,2,1.8,1.6,1.5,1.6,1.56,13,11,11,12
sur,Suriname,-,-,-,-,-,-,4.3,3.2,3,3.5,3.6,3.7,-,3.03,37,36,36,36
swz,Swaziland,-,-,-,-,-,-,-,2.7,2.5,3.3,3.6,3.6,3.2,3.08,37,39,43,-
swe,Sweden,9.5,9.4,9.4,9,9.3,9.3,9.2,9.2,9.2,9.3,9.3,9.2,9.2,9.3,88,89,87,89
che,Switzerland,8.9,8.9,8.6,8.4,8.5,8.8,9.1,9.1,9.1,9,9,9,8.7,8.8,86,85,86,86
syr,Syria,-,-,-,-,-,3.4,3.4,3.4,2.9,2.4,2.1,2.6,2.5,2.56,26,17,20,18
tjk,Taijikistan,-,-,-,-,-,-,-,-,-,-,2,-,-,-,-,-,-,-
twn,Taiwan,5.3,5.6,5.5,5.9,5.6,5.7,5.6,5.9,5.9,5.7,5.7,5.6,5.8,6.14,61,61,61,62
tjk,Tajikistan,-,-,-,-,-,1.8,2,2.1,2.2,2.1,-,2,2.1,2.27,22,22,23,26
tza,Tanzania,1.9,1.9,2.5,2.2,2.7,2.5,2.8,2.9,2.9,3.2,3,2.6,2.7,2.95,35,33,31,30
tha,Thailand,3,3.2,3.2,3.2,3.2,3.3,3.6,3.8,3.6,3.3,3.5,3.4,3.5,3.38,37,35,38,38
mkd,The FYR of Macedonia,-,-,-,-,-,-,-,-,-,-,-,-,-,-,-,-,45,42
usa,The United States Of America,-,-,-,-,-,-,-,-,-,-,-,-,-,-,-,-,-,76
tls,Timor-Leste,-,-,-,-,-,-,-,-,2.6,2.6,2.2,2.2,2.5,2.38,33,30,28,28
tgo,Togo,-,-,-,-,-,-,-,-,2.4,2.3,2.7,2.8,2.4,2.38,30,29,29,32
ton,Tonga,-,-,-,-,-,-,-,-,-,1.7,2.4,3,3,3.14,-,-,-,-
tto,Trinidad and Tobago,-,-,-,-,-,4.6,4.2,3.8,3.2,3.4,3.6,3.6,3.6,3.17,39,38,38,39
tto,Trinidad & Tobago,-,-,-,5.3,4.9,-,-,-,-,-,-,-,-,-,-,-,-,-
tun,Tunisia,5,5,5.2,5.3,4.8,4.9,5,4.9,4.6,4.2,4.4,4.2,4.3,3.76,41,41,40,38
tur,Turkey,3.4,3.6,3.8,3.6,3.2,3.1,3.2,3.5,3.8,4.1,4.6,4.4,4.4,4.21,49,50,45,42
tkm,Turkmenistan,-,-,-,-,-,-,2,1.8,2.2,2,1.8,1.8,1.6,1.6,17,17,17,18
uga,Uganda,2.6,2.2,2.3,1.9,2.1,2.2,2.6,2.5,2.7,2.8,2.6,2.5,2.5,2.43,29,26,26,25
ukr,Ukraine,2.8,2.6,1.5,2.1,2.4,2.3,2.2,2.6,2.8,2.7,2.5,2.2,2.4,2.3,26,25,26,27
are,United Arab Emirates,-,-,-,-,-,5.2,6.1,6.2,6.2,5.7,5.9,6.5,6.3,6.82,68,69,70,70
gbr,United Kingdom,8.7,8.6,8.7,8.3,8.7,8.7,8.6,8.6,8.6,8.4,7.7,7.7,7.6,7.78,74,76,78,81
usa,United States,7.5,-,-,-,-,-,-,-,-,-,-,7.5,7.1,7.14,73,73,74,-
ury,Uruguay,4.3,4.4,-,5.1,5.1,5.5,6.2,5.9,6.4,6.7,6.9,6.7,6.9,7.04,72,73,73,74
usa,USA,-,7.5,7.8,7.6,7.7,7.5,7.5,7.6,7.3,7.2,7.3,-,-,-,-,-,-,-
uzb,Uzbekistan,-,1.8,2.4,2.7,2.9,2.4,2.3,2.2,2.1,1.7,1.8,1.7,1.6,1.62,17,17,18,19
vut,Vanuatu,-,-,-,-,-,-,-,-,-,3.1,2.9,3.2,3.6,3.53,-,-,-,-
ven,Venezuela,2.3,2.6,2.7,2.8,2.5,2.4,2.3,2.3,2.3,2,1.9,1.9,2,1.89,19,20,19,17
vnm,Vietnam,2.5,2.6,2.5,2.6,2.4,2.4,2.6,2.6,-,-,-,2.7,2.7,2.86,31,31,31,31
vnm,Viet Nam,-,-,-,-,-,-,-,-,2.6,2.6,2.7,-,-,-,-,-,-,-
yem,Yemen,-,-,-,-,-,2.6,2.4,2.7,2.6,2.5,2.3,2.1,2.2,2.08,23,18,19,18
mkd,Yugoslavia,3,2,1.3,-,-,-,-,-,-,-,-,-,-,-,-,-,-,-
zmb,Zambia,3.5,3.5,3.4,2.6,2.6,2.5,2.6,2.6,2.6,2.6,2.8,3,3,3.2,37,38,38,38
zwe,Zimbabwe,4.2,4.1,3,2.9,2.7,2.3,2.3,2.6,2.4,2.1,1.8,2.2,2.4,2.23,20,21,21,21
